[
  {
    "name": "theme_info",
    "logo": "https:\/\/cdn.shopify.com\/s\/files\/1\/0070\/7032\/files\/2010_6_23_Shopify-Green_256x256.jpg",
    "settings": [
      {
        "type": "header",
        "content": "Alice Two"
      },
      {
        "type": "paragraph",
        "content": "v1.0.0"
      },
      {
        "type": "paragraph",
        "content": "Theme settings allow designers to provide an easy way for any user to customize the look and feel of their shop without having to delve into HTML or CSS code. Please see our [help page on theme settings](http:\/\/docs.shopify.com\/themes\/theme-templates\/settings) to learn more about how you can make the theme customizable."
      }
    ]
  },
  {
    "name": "Colors",
    "settings": [
      {
        "type": "header",
        "content": "General colors"
      },
      {
        "type": "color",
        "id": "color_primary",
        "label": "Primary",
        "default": "rgb(33, 48, 118)",
        "info": "Used for text links, and primary buttons"
      },
      {
        "type": "color",
        "id": "color_secondary",
        "label": "Secondary",
        "default": "rgb(244, 245, 250)",
        "info": "Used for secondary buttons"
      },
      {
        "type": "color",
        "id": "color_borders",
        "label": "Borders",
        "default": "rgb(33, 48, 118)"
      },
      {
        "type": "color",
        "id": "color_nav_bg",
        "label": "Navbar",
        "default": "#ffffff",
        "info": "Background color for navigation bar"
      },
      {
        "type": "header",
        "content": "Body"
      },
      {
        "type": "color",
        "id": "color_body_bg",
        "label": "Background",
        "default": "#ffffff"
      },
      {
        "type": "color",
        "id": "color_body_text",
        "label": "Text",
        "default": "#333333"
      },
      {
        "type": "header",
        "content": "Header"
      },
      {
        "type": "color",
        "id": "color_header_bg",
        "label": "Header background",
        "default": "#ffffff"
      },
      {
        "type": "header",
        "content": "Footer"
      },
      {
        "type": "color",
        "id": "color_footer_bg",
        "label": "Background",
        "default": "#f4f5fa"
      },
      {
        "type": "color",
        "id": "color_footer_text",
        "label": "Text"
      },
      {
        "type": "color",
        "id": "color_footer_social_link",
        "label": "Social media icons"
      }
    ]
  },
  {
    "name": "Header",
    "settings": [
      {
        "type": "header",
        "content": "Logo"
      },
      {
        "type": "checkbox",
        "id": "logo_use_image",
        "label": "Use custom logo"
      },
      {
        "type": "image",
        "id": "logo.png",
        "label": "Custom logo",
        "max-width": 450,
        "max-height": 200,
        "info": "450 x 200px .png"
      },
      {
        "type": "text",
        "id": "logo_max_width",
        "label": "Max logo width",
        "default": "450",
        "info": "Defined in pixels. Do not add the 'px' unit."
      },
      {
        "type": "header",
        "content": "Favicon"
      },
      {
        "type": "checkbox",
        "id": "favicon_enable",
        "label": "Use custom icon"
      },
      {
        "type": "image",
        "id": "favicon.png",
        "label": "Icon",
        "max-width": 32,
        "max-height": 32,
        "info": "32 x 32px .png required"
      }
    ]
  },
  {
    "name": "Promotion left",
    "settings": [
      {
        "type": "image",
        "id": "promo-left.jpg",
        "label": "Left promotion image",
        "info": "Add a banner. At least 900px wide, required"
      },
      {
        "type": "text",
        "id": "link-left",
        "label": "Link",
        "info": "URL for the banner"
      }
    ]
  },
  {
    "name": "Promotion right",
    "settings": [
      {
        "type": "image",
        "id": "promo-right.jpg",
        "label": "Right promotion image",
        "info": "Add a banner. At least 900px wide, required"
      },
      {
        "type": "text",
        "id": "link-right",
        "label": "Link",
        "info": "URL for the banner"
      }
    ]
  },
  {
    "name": "Promotion headline",
    "settings": [
      {
        "type": "text",
        "id": "promotion_headline",
        "label": "Headline",
        "info": "Big promotion headline"
      }
    ]
  },
  {
    "name": "Statement",
    "settings": [
      {
        "type": "textarea",
        "id": "statement",
        "label": "Statement",
        "info": "Who are you and what do you sell? Short text about your store."
      }
    ]
  },
  {
    "name": "Footer",
    "settings": [
      {
        "type": "checkbox",
        "id": "footer_social_enable",
        "label": "Show social media icons"
      },
      {
        "type": "checkbox",
        "id": "footer_newsletter_enable",
        "label": "Show newsletter field"
      },
      {
        "type": "text",
        "id": "newsletter_form_action",
        "label": "MailChimp form action URL",
        "info": "[Where do I find my MailChimp form action URL?](http:\/\/docs.shopify.com\/support\/configuration\/store-customization\/where-do-i-get-my-mailchimp-form-action)"
      }
    ]
  },
  {
    "name": "Cart page",
    "settings": [
      {
        "type": "color",
        "id": "color_checkoutbtn",
        "label": "Color on Checkout button",
        "default": "#f57d00"
      },
      {
        "type": "checkbox",
        "id": "cart_notes_enable",
        "label": "Enable cart notes"
      },
      {
        "type": "checkbox",
        "id": "cart_vendor_enable",
        "label": "Show product vendor"
      },
      {
        "type": "select",
        "id": "ajax_cart_method",
        "label": "Cart type",
        "options": [
          {
            "value": "drawer",
            "label": "Drawer"
          },
          {
            "value": "page",
            "label": "Page"
          }
        ]
      }
    ]
  },
  {
    "name": "Social media",
    "settings": [
      {
        "type": "text",
        "id": "social_twitter_link",
        "label": "Twitter URL",
        "info": "https://twitter.com/shopify"
      },
      {
        "type": "text",
        "id": "social_facebook_link",
        "label": "Facebook URL",
        "info": "https://www.facebook.com/shopify"
      }
    ]
  }
]
